{
    "Arrivals": [
        {
            "date": {
                "month": "May",
                "week-day": "Saturday",
                "day": 3
            },
            "info": [
                {
                    "time": "12:00",
                    "flight": "LA3797",
                    "from": "Rio de Janeiro",
                    "airport": "SDU",
                    "airline": "LATAM Airlines",
                    "aircraft": "A319",
                    "aircraft-name": "PT-TMO",
                    "status": "Landed",
                    "time-status": "11:39"
                },
                {
                    "time": "12:05",
                    "flight": "LA3008",
                    "from": "Sao Paulo",
                    "airport": "CGH",
                    "airline": "LATAM Airlines",
                    "aircraft": "A320",
                    "aircraft-name": "PR-TYF",
                    "status": "Landed",
                    "time-status": "12:14"
                },
                {
                    "time": "12:25",
                    "flight": "LA4653",
                    "from": "Belo Horizonte",
                    "airport": "CNF",
                    "airline": "LATAM Airlines",
                    "aircraft": "A321",
                    "aircraft-name": "PT-MXO",
                    "status": "Landed",
                    "time-status": "12:10"
                },
                {
                    "time": "12:30",
                    "flight": "LA4648",
                    "from": "Goiania",
                    "airport": "GYN",
                    "airline": "LATAM Airlines",
                    "aircraft": "A321",
                    "aircraft-name": "PT-XPE",
                    "status": "Landed",
                    "time-status": "12:16"
                },
                {
                    "time": "13:00",
                    "flight": "G32073",
                    "from": "Rio de Janeiro",
                    "airport": "GIG",
                    "airline": "GOL Linhas Aereas",
                    "aircraft": "B38M",
                    "aircraft-name": "PS-GPJ",
                    "status": "Landed",
                    "time-status": "12:43"
                },
                {
                    "time": "13:00",
                    "flight": "LA3777",
                    "from": "Salvador",
                    "airport": "SSA",
                    "airline": "LATAM Airlines (Conheça o Brasil Voando Sticker)",
                    "aircraft": "A321",
                    "aircraft-name": "PT-XPL",
                    "status": "Landed",
                    "time-status": "12:52"
                },
                {
                    "time": "13:20",
                    "flight": "G31721",
                    "from": "Rio de Janeiro",
                    "airport": "SDU",
                    "airline": "GOL Linhas Aereas",
                    "aircraft": "B737",
                    "aircraft-name": "PR-GEC",
                    "status": "Landed",
                    "time-status": "12:56"
                },
                {
                    "time": "13:35",
                    "flight": "LA3781",
                    "from": "Rio de Janeiro",
                    "airport": "SDU",
                    "airline": "LATAM Airlines",
                    "aircraft": "A319",
                    "aircraft-name": "PT-TML",
                    "status": "Landed",
                    "time-status": "13:13"
                },
                {
                    "time": "13:40",
                    "flight": "LA3609",
                    "from": "Sao Paulo",
                    "airport": "CGH",
                    "airline": "LATAM Airlines",
                    "aircraft": "A320",
                    "aircraft-name": "PR-TYA",
                    "status": "Landed",
                    "time-status": "13:23"
                },
                {
                    "time": "14:05",
                    "flight": "LA3265",
                    "from": "Sao Paulo",
                    "airport": "GRU",
                    "airline": "LATAM Airlines (Conheça o Brasil Voando Sticker)",
                    "aircraft": "A321",
                    "aircraft-name": "PT-MXD",
                    "status": "Landed",
                    "time-status": "14:07"
                },
                {
                    "time": "14:30",
                    "flight": "LA3403",
                    "from": "Recife",
                    "airport": "REC",
                    "airline": "LATAM Airlines",
                    "aircraft": "A20N",
                    "aircraft-name": "PR-XBU",
                    "status": "Landed",
                    "time-status": "14:13"
                },
                {
                    "time": "14:40",
                    "flight": "AD5007",
                    "from": "Campinas",
                    "airport": "VCP",
                    "airline": "Azul",
                    "aircraft": "E295",
                    "aircraft-name": "PS-AEI",
                    "status": "Landed",
                    "time-status": "14:20"
                },
                {
                    "time": "15:00",
                    "flight": "G31484",
                    "from": "Sao Paulo",
                    "airport": "GRU",
                    "airline": "GOL Linhas Aereas",
                    "aircraft": "B38M",
                    "aircraft-name": "PR-XMV",
                    "status": "Landed",
                    "time-status": "14:33"
                },
                {
                    "time": "15:10",
                    "flight": "LA3505",
                    "from": "Joao Pessoa",
                    "airport": "JPA",
                    "airline": "LATAM Airlines",
                    "aircraft": "A320",
                    "aircraft-name": "PR-MYR",
                    "status": "Landed",
                    "time-status": "14:48"
                },
                {
                    "time": "15:15",
                    "flight": "TP57",
                    "from": "Lisbon",
                    "airport": "LIS",
                    "airline": "TAP Air Portugal (Star Alliance Livery)",
                    "aircraft": "A339",
                    "aircraft-name": "CS-TUK",
                    "status": "Landed",
                    "time-status": "15:34"
                },
                {
                    "time": "15:50",
                    "flight": "LA3749",
                    "from": "Manaus",
                    "airport": "MAO",
                    "airline": "LATAM Airlines",
                    "aircraft": "A321",
                    "aircraft-name": "PT-XPM",
                    "status": "Landed",
                    "time-status": "15:47"
                },
                {
                    "time": "15:55",
                    "flight": "LA3247",
                    "from": "Sao Paulo",
                    "airport": "GRU",
                    "airline": "LATAM Airlines",
                    "aircraft": "A320",
                    "aircraft-name": "PR-MYH",
                    "status": "Landed",
                    "time-status": "15:29"
                },
                {
                    "time": "15:55",
                    "flight": "LA3573",
                    "from": "Palmas",
                    "airport": "PMW",
                    "airline": "LATAM Airlines",
                    "aircraft": "A319",
                    "aircraft-name": "PT-TMO",
                    "status": "Landed",
                    "time-status": "15:27"
                },
                {
                    "time": "16:00",
                    "flight": "G39118",
                    "from": "Maceio",
                    "airport": "MCZ",
                    "airline": "GOL Linhas Aereas",
                    "aircraft": "B38M",
                    "aircraft-name": "PR-XMX",
                    "status": "Landed",
                    "time-status": "16:01"
                },
                {
                    "time": "16:55",
                    "flight": "LA3741",
                    "from": "Fortaleza",
                    "airport": "FOR",
                    "airline": "LATAM Airlines",
                    "aircraft": "A321",
                    "aircraft-name": "PT-MXP",
                    "status": "Landed",
                    "time-status": "16:46"
                },
                {
                    "time": "17:00",
                    "flight": "LA3513",
                    "from": "Imperatriz",
                    "airport": "IMP",
                    "airline": "LATAM Airlines",
                    "aircraft": "A319",
                    "aircraft-name": "PT-TME",
                    "status": "Landed",
                    "time-status": "16:41"
                },
                {
                    "time": "17:35",
                    "flight": "LA3016",
                    "from": "Sao Paulo",
                    "airport": "CGH",
                    "airline": "LATAM Airlines",
                    "aircraft": "A319",
                    "aircraft-name": "PT-TMG",
                    "status": "Landed",
                    "time-status": "17:11"
                },
                {
                    "time": "18:05",
                    "flight": "LA3257",
                    "from": "Sao Paulo",
                    "airport": "GRU",
                    "airline": "LATAM Airlines",
                    "aircraft": "A321",
                    "aircraft-name": "PT-MXE",
                    "status": "Landed",
                    "time-status": "17:53"
                },
                {
                    "time": "18:20",
                    "flight": "LA3709",
                    "from": "Porto Seguro",
                    "airport": "BPS",
                    "airline": "LATAM Airlines",
                    "aircraft": "A320",
                    "aircraft-name": "PR-TYA",
                    "status": "Landed",
                    "time-status": "18:14"
                },
                {
                    "time": "18:20",
                    "flight": "LA3853",
                    "from": "Teresina",
                    "airport": "THE",
                    "airline": "LATAM Airlines",
                    "aircraft": "A319",
                    "aircraft-name": "PT-TPA",
                    "status": "Landed",
                    "time-status": "18:00"
                },
                {
                    "time": "18:40",
                    "flight": "LA3027",
                    "from": "Rio de Janeiro",
                    "airport": "GIG",
                    "airline": "LATAM Airlines",
                    "aircraft": "A319",
                    "aircraft-name": "PT-TML",
                    "status": "Landed",
                    "time-status": "18:24"
                },
                {
                    "time": "18:40",
                    "flight": "LA3497",
                    "from": "Natal",
                    "airport": "NAT",
                    "airline": "LATAM Airlines",
                    "aircraft": "A321",
                    "aircraft-name": "PT-XPG",
                    "status": "Landed",
                    "time-status": "18:16"
                },
                {
                    "time": "18:50",
                    "flight": "LA3899",
                    "from": "Porto Velho",
                    "airport": "PVH",
                    "airline": "LATAM Airlines",
                    "aircraft": "A320",
                    "aircraft-name": "PR-MYX",
                    "status": "Landed",
                    "time-status": "18:42"
                },
                {
                    "time": "19:00",
                    "flight": "LA8109",
                    "from": "Santiago",
                    "airport": "SCL",
                    "airline": "LATAM Airlines",
                    "aircraft": "A21N",
                    "aircraft-name": "PS-LBD",
                    "status": "Landed",
                    "time-status": "18:55"
                },
                {
                    "time": "19:10",
                    "flight": "LA3805",
                    "from": "Sao Luis",
                    "airport": "SLZ",
                    "airline": "LATAM Airlines",
                    "aircraft": "A321",
                    "aircraft-name": "PT-MXI",
                    "status": "Landed",
                    "time-status": "19:02"
                },
                {
                    "time": "19:20",
                    "flight": "LA3425",
                    "from": "Recife",
                    "airport": "REC",
                    "airline": "LATAM Airlines",
                    "aircraft": "A321",
                    "aircraft-name": "PT-MXO",
                    "status": "Landed",
                    "time-status": "19:17"
                },
                {
                    "time": "19:20",
                    "flight": "LA3729",
                    "from": "Rio de Janeiro",
                    "airport": "GIG",
                    "airline": "LATAM Airlines",
                    "aircraft": "A320",
                    "aircraft-name": "PR-MYV",
                    "status": "Landed",
                    "time-status": "18:50"
                },
                {
                    "time": "19:25",
                    "flight": "LA3529",
                    "from": "Sao Paulo",
                    "airport": "GRU",
                    "airline": "LATAM Airlines",
                    "aircraft": "A319",
                    "aircraft-name": "PR-MBN",
                    "status": "Landed",
                    "time-status": "19:15"
                },
                {
                    "time": "19:25",
                    "flight": "LA3757",
                    "from": "Goiania",
                    "airport": "GYN",
                    "airline": "LATAM Airlines",
                    "aircraft": "A320",
                    "aircraft-name": "PR-TYT",
                    "status": "Landed",
                    "time-status": "19:08"
                },
                {
                    "time": "19:25",
                    "flight": "LA4649",
                    "from": "Rio de Janeiro",
                    "airport": "SDU",
                    "airline": "LATAM Airlines",
                    "aircraft": "A319",
                    "aircraft-name": "PT-TPB",
                    "status": "Landed",
                    "time-status": "19:05"
                },
                {
                    "time": "19:30",
                    "flight": "G31763",
                    "from": "Rio de Janeiro",
                    "airport": "SDU",
                    "airline": "GOL Linhas Aereas",
                    "aircraft": "B737",
                    "aircraft-name": "PR-GEK",
                    "status": "Landed",
                    "time-status": "19:12"
                },
                {
                    "time": "19:30",
                    "flight": "LA3413",
                    "from": "Cuiaba",
                    "airport": "CGB",
                    "airline": "LATAM Airlines",
                    "aircraft": "A20N",
                    "aircraft-name": "PR-XBT",
                    "status": "Landed",
                    "time-status": "19:10"
                },
                {
                    "time": "19:30",
                    "flight": "LA3721",
                    "from": "Belo Horizonte",
                    "airport": "CNF",
                    "airline": "LATAM Airlines",
                    "aircraft": "A320",
                    "aircraft-name": "PR-TYF",
                    "status": "Landed",
                    "time-status": "19:19"
                },
                {
                    "time": "19:35",
                    "flight": "G31173",
                    "from": "Campinas",
                    "airport": "VCP",
                    "airline": "GOL Linhas Aereas",
                    "aircraft": "B38M",
                    "aircraft-name": "PS-GPC",
                    "status": "Landed",
                    "time-status": "19:03"
                },
                {
                    "time": "19:35",
                    "flight": "LA3225",
                    "from": "Porto Alegre",
                    "airport": "POA",
                    "airline": "LATAM Airlines",
                    "aircraft": "A321",
                    "aircraft-name": "PT-MXJ",
                    "status": "Landed",
                    "time-status": "19:13"
                },
                {
                    "time": "19:40",
                    "flight": "LA3737",
                    "from": "Florianopolis",
                    "airport": "FLN",
                    "airline": "LATAM Airlines",
                    "aircraft": "A320",
                    "aircraft-name": "PR-TQB",
                    "status": "Landed",
                    "time-status": "19:31"
                },
                {
                    "time": "19:40",
                    "flight": "LA3867",
                    "from": "Vitoria",
                    "airport": "VIX",
                    "airline": "LATAM Airlines",
                    "aircraft": "A321",
                    "aircraft-name": "PT-XPA",
                    "status": "Landed",
                    "time-status": "19:25"
                },
                {
                    "time": "19:45",
                    "flight": "LA3111",
                    "from": "Curitiba",
                    "airport": "CWB",
                    "airline": "LATAM Airlines",
                    "aircraft": "A320",
                    "aircraft-name": "PR-MHE",
                    "status": "Landed",
                    "time-status": "19:28"
                },
                {
                    "time": "19:45",
                    "flight": "LA3212",
                    "from": "Belem",
                    "airport": "BEL",
                    "airline": "LATAM Airlines",
                    "aircraft": "A21N",
                    "aircraft-name": "PS-LBA",
                    "status": "Landed",
                    "time-status": "19:20"
                },
                {
                    "time": "19:50",
                    "flight": "G31302",
                    "from": "Salvador",
                    "airport": "SSA",
                    "airline": "GOL Linhas Aereas",
                    "aircraft": "B738",
                    "aircraft-name": "PR-GTH",
                    "status": "Landed",
                    "time-status": "01:53"
                },
                {
                    "time": "19:50",
                    "flight": "G32103",
                    "from": "Joao Pessoa",
                    "airport": "JPA",
                    "airline": "GOL Linhas Aereas",
                    "aircraft": "B738",
                    "aircraft-name": "PR-GGQ",
                    "status": "Landed",
                    "time-status": "19:37"
                },
                {
                    "time": "19:50",
                    "flight": "LA3809",
                    "from": "Salvador",
                    "airport": "SSA",
                    "airline": "LATAM Airlines",
                    "aircraft": "A20N",
                    "aircraft-name": "PR-XBU",
                    "status": "Landed",
                    "time-status": "19:43"
                },
                {
                    "time": "19:55",
                    "flight": "G31456",
                    "from": "Sao Paulo",
                    "airport": "CGH",
                    "airline": "GOL Linhas Aereas",
                    "aircraft": "B737",
                    "aircraft-name": "PR-GEJ",
                    "status": "Landed",
                    "time-status": "19:24"
                },
                {
                    "time": "19:55",
                    "flight": "LA3743",
                    "from": "Fortaleza",
                    "airport": "FOR",
                    "airline": "LATAM Airlines",
                    "aircraft": "A321",
                    "aircraft-name": "PT-XPE",
                    "status": "Landed",
                    "time-status": "19:35"
                },
                {
                    "time": "19:55",
                    "flight": "LA3761",
                    "from": "Maceio",
                    "airport": "MCZ",
                    "airline": "LATAM Airlines",
                    "aircraft": "A320",
                    "aircraft-name": "PR-TYD",
                    "status": "Landed",
                    "time-status": "19:30"
                },
                {
                    "time": "19:55",
                    "flight": "LA3807",
                    "from": "Campo Grande",
                    "airport": "CGR",
                    "airline": "LATAM Airlines",
                    "aircraft": "A320",
                    "aircraft-name": "PR-MYK",
                    "status": "Landed",
                    "time-status": "19:26"
                },
                {
                    "time": "20:00",
                    "flight": "G31761",
                    "from": "Cuiaba",
                    "airport": "CGB",
                    "airline": "GOL Linhas Aereas (Shopping Smiles Livery)",
                    "aircraft": "B738",
                    "aircraft-name": "PR-GXP",
                    "status": "Landed",
                    "time-status": "19:38"
                },
                {
                    "time": "20:05",
                    "flight": "G31735",
                    "from": "Sao Luis",
                    "airport": "SLZ",
                    "airline": "GOL Linhas Aereas (Smiles Livery)",
                    "aircraft": "B738",
                    "aircraft-name": "PR-GXI",
                    "status": "Landed",
                    "time-status": "19:42"
                },
                {
                    "time": "20:15",
                    "flight": "LA3012",
                    "from": "Sao Paulo",
                    "airport": "CGH",
                    "airline": "LATAM Airlines",
                    "aircraft": "A320",
                    "aircraft-name": "PR-MBA",
                    "status": "Landed",
                    "time-status": "19:46"
                },
                {
                    "time": "21:15",
                    "flight": "G31464",
                    "from": "Sao Paulo",
                    "airport": "CGH",
                    "airline": "GOL Linhas Aereas",
                    "aircraft": "B737",
                    "aircraft-name": "PR-GEA",
                    "status": "Landed",
                    "time-status": "20:44"
                },
                {
                    "time": "21:35",
                    "flight": "G39001",
                    "from": "Rio de Janeiro",
                    "airport": "GIG",
                    "airline": "GOL Linhas Aereas",
                    "aircraft": "B38M",
                    "aircraft-name": "PR-XMU",
                    "status": "Landed",
                    "time-status": "21:22"
                },
                {
                    "time": "21:40",
                    "flight": "LA3018",
                    "from": "Sao Paulo",
                    "airport": "CGH",
                    "airline": "LATAM Airlines",
                    "aircraft": "A319",
                    "aircraft-name": "PR-MYL",
                    "status": "Landed",
                    "time-status": "21:17"
                },
                {
                    "time": "22:50",
                    "flight": "AD4302",
                    "from": "Recife",
                    "airport": "REC",
                    "airline": "Azul (Daisy Duck Livery)",
                    "aircraft": "A20N",
                    "aircraft-name": "PR-YSK",
                    "status": "Landed",
                    "time-status": "22:32"
                },
                {
                    "time": "22:50",
                    "flight": "AD6008",
                    "from": "Sao Paulo",
                    "airport": "CGH",
                    "airline": "Azul",
                    "aircraft": "E195",
                    "aircraft-name": "PR-AXS",
                    "status": "Landed",
                    "time-status": "22:36"
                },
                {
                    "time": "22:50",
                    "flight": "G32075",
                    "from": "Rio de Janeiro",
                    "airport": "GIG",
                    "airline": "GOL Linhas Aereas",
                    "aircraft": "B38M",
                    "aircraft-name": "PR-XMX",
                    "status": "Landed",
                    "time-status": "22:41"
                },
                {
                    "time": "23:25",
                    "flight": "AD4126",
                    "from": "Belo Horizonte",
                    "airport": "CNF",
                    "airline": "Azul",
                    "aircraft": "E295",
                    "aircraft-name": "PS-AEJ",
                    "status": "Landed",
                    "time-status": "23:27"
                },
                {
                    "time": "23:40",
                    "flight": "AD6595",
                    "from": "Campinas",
                    "airport": "VCP",
                    "airline": "Azul (Pará Livery)",
                    "aircraft": "A20N",
                    "aircraft-name": "PR-YYF",
                    "status": "Landed",
                    "time-status": "23:22"
                }
            ]
        },
        {
            "date": {
                "month": "May",
                "week-day": "Sunday",
                "day": 4
            },
            "info": [
                {
                    "time": "00:05",
                    "flight": "CM205",
                    "from": "Panama City",
                    "airport": "PTY",
                    "airline": "Copa Airlines",
                    "aircraft": "B738",
                    "aircraft-name": "HP-1539CMP",
                    "status": "Landed",
                    "time-status": "00:17"
                },
                {
                    "time": "00:15",
                    "flight": "LA3259",
                    "from": "Sao Paulo",
                    "airport": "GRU",
                    "airline": "LATAM Airlines",
                    "aircraft": "A321",
                    "aircraft-name": "PT-MXB",
                    "status": "Landed",
                    "time-status": "00:11"
                },
                {
                    "time": "00:35",
                    "flight": "AD4978",
                    "from": "Campinas",
                    "airport": "VCP",
                    "airline": "Azul",
                    "aircraft": "E295",
                    "aircraft-name": "PS-AEC",
                    "status": "Landed",
                    "time-status": "00:23"
                },
                {
                    "time": "01:10",
                    "flight": "LA3656",
                    "from": "Sao Paulo",
                    "airport": "GRU",
                    "airline": "LATAM Airlines",
                    "aircraft": "A320",
                    "aircraft-name": "PR-MYQ",
                    "status": "Landed",
                    "time-status": "01:00"
                },
                {
                    "time": "05:25",
                    "flight": "LA3669",
                    "from": "Porto Velho",
                    "airport": "PVH",
                    "airline": "LATAM Airlines",
                    "aircraft": "A319",
                    "aircraft-name": "PT-TML",
                    "status": "Landed",
                    "time-status": "05:06"
                },
                {
                    "time": "05:45",
                    "flight": "AD4014",
                    "from": "Natal",
                    "airport": "NAT",
                    "airline": "Azul",
                    "aircraft": "E195",
                    "aircraft-name": "PR-AXS",
                    "status": "Landed",
                    "time-status": "05:18"
                },
                {
                    "time": "05:45",
                    "flight": "LA3675",
                    "from": "Rio Branco",
                    "airport": "RBR",
                    "airline": "LATAM Airlines",
                    "aircraft": "A320",
                    "aircraft-name": "PR-MYX",
                    "status": "Landed",
                    "time-status": "05:14"
                },
                {
                    "time": "06:05",
                    "flight": "G37601",
                    "from": "Orlando",
                    "airport": "MCO",
                    "airline": "GOL Linhas Aereas",
                    "aircraft": "B38M",
                    "aircraft-name": "PS-GRH",
                    "status": "Landed",
                    "time-status": "06:05"
                },
                {
                    "time": "06:15",
                    "flight": "G39651",
                    "from": "Santarem",
                    "airport": "STM",
                    "airline": "GOL Linhas Aereas",
                    "aircraft": "B38M",
                    "aircraft-name": "PS-GRA",
                    "status": "Landed",
                    "time-status": "06:51"
                },
                {
                    "time": "06:35",
                    "flight": "G37725",
                    "from": "Cancun",
                    "airport": "CUN",
                    "airline": "GOL Linhas Aereas",
                    "aircraft": "B38M",
                    "aircraft-name": "PS-GRG",
                    "status": "Landed",
                    "time-status": "05:51"
                },
                {
                    "time": "07:00",
                    "flight": "G37061",
                    "from": "Buenos Aires",
                    "airport": "AEP",
                    "airline": "GOL Linhas Aereas",
                    "aircraft": "B38M",
                    "aircraft-name": "PR-XMS",
                    "status": "Landed",
                    "time-status": "06:43"
                },
                {
                    "time": "07:00",
                    "flight": "LA2402",
                    "from": "Lima",
                    "airport": "LIM",
                    "airline": "LATAM Airlines",
                    "aircraft": "A320",
                    "aircraft-name": "CC-BFG",
                    "status": "Landed",
                    "time-status": "07:08"
                },
                {
                    "time": "07:00",
                    "flight": "LA3769",
                    "from": "Macapa",
                    "airport": "MCP",
                    "airline": "LATAM Airlines",
                    "aircraft": "A320",
                    "aircraft-name": "PR-TQB",
                    "status": "Landed",
                    "time-status": "06:37"
                },
                {
                    "time": "07:05",
                    "flight": "LA3495",
                    "from": "Joao Pessoa",
                    "airport": "JPA",
                    "airline": "LATAM Airlines",
                    "aircraft": "A321",
                    "aircraft-name": "PT-XPG",
                    "status": "Landed",
                    "time-status": "06:58"
                },
                {
                    "time": "07:05",
                    "flight": "LA3754",
                    "from": "Goiania",
                    "airport": "GYN",
                    "airline": "LATAM Airlines",
                    "aircraft": "A321",
                    "aircraft-name": "PT-MXI",
                    "status": "Landed",
                    "time-status": "06:46"
                },
                {
                    "time": "07:10",
                    "flight": "G31253",
                    "from": "Rio Branco",
                    "airport": "RBR",
                    "airline": "GOL Linhas Aereas",
                    "aircraft": "B38M",
                    "aircraft-name": "PS-GRF",
                    "status": "Landed",
                    "time-status": "06:44"
                },
                {
                    "time": "07:10",
                    "flight": "LA3711",
                    "from": "Boa Vista",
                    "airport": "BVB",
                    "airline": "LATAM Airlines",
                    "aircraft": "A320",
                    "aircraft-name": "PR-MHE",
                    "status": "Landed",
                    "time-status": "06:56"
                },
                {
                    "time": "07:15",
                    "flight": "G31743",
                    "from": "Manaus",
                    "airport": "MAO",
                    "airline": "GOL Linhas Aereas",
                    "aircraft": "B738",
                    "aircraft-name": "PR-GGQ",
                    "status": "Landed",
                    "time-status": "07:02"
                },
                {
                    "time": "07:15",
                    "flight": "G31773",
                    "from": "Maceio",
                    "airport": "MCZ",
                    "airline": "GOL Linhas Aereas",
                    "aircraft": "B738",
                    "aircraft-name": "PR-GXQ",
                    "status": "Landed",
                    "time-status": "06:54"
                },
                {
                    "time": "07:20",
                    "flight": "G31707",
                    "from": "Fortaleza",
                    "airport": "FOR",
                    "airline": "GOL Linhas Aereas",
                    "aircraft": "B738",
                    "aircraft-name": "PR-GUP",
                    "status": "Landed",
                    "time-status": "07:05"
                },
                {
                    "time": "07:20",
                    "flight": "LA3313",
                    "from": "Sao Luis",
                    "airport": "SLZ",
                    "airline": "LATAM Airlines",
                    "aircraft": "A320",
                    "aircraft-name": "PR-TYT",
                    "status": "Landed",
                    "time-status": "07:00"
                },
                {
                    "time": "07:20",
                    "flight": "LA3851",
                    "from": "Teresina",
                    "airport": "THE",
                    "airline": "LATAM Airlines",
                    "aircraft": "A319",
                    "aircraft-name": "PT-TPB",
                    "status": "Landed",
                    "time-status": "07:14"
                },
                {
                    "time": "07:25",
                    "flight": "LA3123",
                    "from": "Recife",
                    "airport": "REC",
                    "airline": "LATAM Airlines",
                    "aircraft": "A320",
                    "aircraft-name": "PR-TYM",
                    "status": "Landed",
                    "time-status": "06:47"
                },
                {
                    "time": "07:25",
                    "flight": "LA3501",
                    "from": "Maraba",
                    "airport": "MAB",
                    "airline": "LATAM Airlines",
                    "aircraft": "A319",
                    "aircraft-name": "PR-MYL",
                    "status": "Landed",
                    "time-status": "07:11"
                },
                {
                    "time": "07:25",
                    "flight": "LA3739",
                    "from": "Fortaleza",
                    "airport": "FOR",
                    "airline": "LATAM Airlines",
                    "aircraft": "A320",
                    "aircraft-name": "PR-TQC",
                    "status": "Landed",
                    "time-status": "07:06"
                },
                {
                    "time": "07:25",
                    "flight": "LA3747",
                    "from": "Manaus",
                    "airport": "MAO",
                    "airline": "LATAM Airlines",
                    "aircraft": "A21N",
                    "aircraft-name": "PS-LBM",
                    "status": "Landed",
                    "time-status": "07:16"
                },
                {
                    "time": "07:30",
                    "flight": "LA3717",
                    "from": "Campo Grande",
                    "airport": "CGR",
                    "airline": "LATAM Airlines",
                    "aircraft": "A320",
                    "aircraft-name": "PR-MYV",
                    "status": "Landed",
                    "time-status": "07:10"
                },
                {
                    "time": "07:35",
                    "flight": "G31767",
                    "from": "Belem",
                    "airport": "BEL",
                    "airline": "GOL Linhas Aereas (Chico Bento Livery)",
                    "aircraft": "B738",
                    "aircraft-name": "PR-GUJ",
                    "status": "Landed",
                    "time-status": "07:22"
                },
                {
                    "time": "07:35",
                    "flight": "LA3705",
                    "from": "Belem",
                    "airport": "BEL",
                    "airline": "LATAM Airlines",
                    "aircraft": "A320",
                    "aircraft-name": "PR-TYD",
                    "status": "Landed",
                    "time-status": "07:08"
                },
                {
                    "time": "07:35",
                    "flight": "LA3811",
                    "from": "Salvador",
                    "airport": "SSA",
                    "airline": "LATAM Airlines",
                    "aircraft": "A321",
                    "aircraft-name": "PT-MXO",
                    "status": "Landed",
                    "time-status": "07:16"
                },
                {
                    "time": "07:35",
                    "flight": "LA3967",
                    "from": "Aracaju",
                    "airport": "AJU",
                    "airline": "LATAM Airlines",
                    "aircraft": "A321",
                    "aircraft-name": "PT-MXJ",
                    "status": "Landed",
                    "time-status": "08:07"
                },
                {
                    "time": "07:40",
                    "flight": "G31151",
                    "from": "Goiania",
                    "airport": "GYN",
                    "airline": "GOL Linhas Aereas",
                    "aircraft": "B738",
                    "aircraft-name": "PR-GGR",
                    "status": "Landed",
                    "time-status": "07:18"
                },
                {
                    "time": "07:40",
                    "flight": "G31729",
                    "from": "Porto Alegre",
                    "airport": "POA",
                    "airline": "GOL Linhas Aereas",
                    "aircraft": "B738",
                    "aircraft-name": "PR-GYD",
                    "status": "Landed",
                    "time-status": "07:33"
                },
                {
                    "time": "07:40",
                    "flight": "LA3725",
                    "from": "Belo Horizonte",
                    "airport": "CNF",
                    "airline": "LATAM Airlines",
                    "aircraft": "A321",
                    "aircraft-name": "PT-MXM",
                    "status": "Landed",
                    "time-status": "07:35"
                },
                {
                    "time": "07:45",
                    "flight": "G31492",
                    "from": "Sao Paulo",
                    "airport": "GRU",
                    "airline": "GOL Linhas Aereas",
                    "aircraft": "B738",
                    "aircraft-name": "PR-VBF",
                    "status": "Landed",
                    "time-status": "07:24"
                },
                {
                    "time": "07:45",
                    "flight": "G31745",
                    "from": "Recife",
                    "airport": "REC",
                    "airline": "GOL Linhas Aereas",
                    "aircraft": "B38M",
                    "aircraft-name": "PS-GPM",
                    "status": "Landed",
                    "time-status": "07:36"
                },
                {
                    "time": "07:45",
                    "flight": "LA3433",
                    "from": "Porto Alegre",
                    "airport": "POA",
                    "airline": "LATAM Airlines",
                    "aircraft": "A21N",
                    "aircraft-name": "PS-LBD",
                    "status": "Landed",
                    "time-status": "07:22"
                },
                {
                    "time": "07:50",
                    "flight": "G31623",
                    "from": "Belo Horizonte",
                    "airport": "CNF",
                    "airline": "GOL Linhas Aereas (#MeuVooCompensa Livery)",
                    "aircraft": "B38M",
                    "aircraft-name": "PR-XMR",
                    "status": "Landed",
                    "time-status": "07:54"
                }
            ]
        }
    ]
}